<beans xmlns="http://www.springframework.org/schema/beans"
    xmlns:xsi="http://www.w3.org/2001/XMLSchema-instance" 
    xmlns:mvc="http://www.springframework.org/schema/mvc"
    xmlns:context="http://www.springframework.org/schema/context"
    xmlns:aop="http://www.springframework.org/schema/aop" 
    xmlns:tx="http://www.springframework.org/schema/tx"
    xsi:schemaLocation="http://www.springframework.org/schema/beans 
    http://www.springframework.org/schema/beans/spring-beans-4.3.xsd 
    http://www.springframework.org/schema/mvc 
    http://www.springframework.org/schema/mvc/spring-mvc-4.3.xsd 
    http://www.springframework.org/schema/context 
    http://www.springframework.org/schema/context/spring-context-4.3.xsd 
    http://www.springframework.org/schema/aop 
    http://www.springframework.org/schema/aop/spring-aop-4.3.xsd 
    http://www.springframework.org/schema/tx 
    http://www.springframework.org/schema/tx/spring-tx-4.3.xsd">
   
    <!-- 配置扫描器 -->
    <context:component-scan 
               base-package="cn.lt.core.web.controller" />
    <!-- 注解驱动：配置处理器映射器和适配器 -->
    <mvc:annotation-driven />
    <!--配置静态资源的访问映射，此配置中的文件，将不被前端控制器拦截 -->
    <mvc:resources location="/flex-slider/" mapping="/flex-slider/**" />
    <mvc:resources location="/image/" mapping="/image/**" />
    <mvc:resources location="/images/" mapping="/images/**" />
    <mvc:resources location="/scripts/" mapping="/scripts/**" />	
    <mvc:resources location="/styles/" mapping="/styles/**" />	
    <mvc:resources location="/js/" mapping="/js/**" />	
    <mvc:resources location="/css/" mapping="/css/**" />	
    <!-- 配置视图解释器ViewResolver -->
    <bean id="jspViewResolver" class=
    "org.springframework.web.servlet.view.InternalResourceViewResolver">
		<property name="prefix" value="" />
		<property name="suffix" value=".jsp" />
    </bean>	
</beans>
