<?xml version="1.0" encoding="UTF-8"?>
<beans 
	xmlns="http://www.springframework.org/schema/beans" 
	xmlns:xsi="http://www.w3.org/2001/XMLSchema-instance"
	xmlns:context="http://www.springframework.org/schema/context" 
	xmlns:jdbc="http://www.springframework.org/schema/jdbc"  
	xmlns:jee="http://www.springframework.org/schema/jee" 
	xmlns:tx="http://www.springframework.org/schema/tx"
	xmlns:aop="http://www.springframework.org/schema/aop" 
	xmlns:mvc="http://www.springframework.org/schema/mvc"
	xmlns:util="http://www.springframework.org/schema/util"
	xmlns:jpa="http://www.springframework.org/schema/data/jpa"
	xsi:schemaLocation="
		http://www.springframework.org/schema/beans http://www.springframework.org/schema/beans/spring-beans-3.2.xsd
		http://www.springframework.org/schema/context http://www.springframework.org/schema/context/spring-context-3.2.xsd
		http://www.springframework.org/schema/jdbc http://www.springframework.org/schema/jdbc/spring-jdbc-3.2.xsd
		http://www.springframework.org/schema/jee http://www.springframework.org/schema/jee/spring-jee-3.2.xsd
		http://www.springframework.org/schema/tx http://www.springframework.org/schema/tx/spring-tx-3.2.xsd
		http://www.springframework.org/schema/data/jpa http://www.springframework.org/schema/data/jpa/spring-jpa-1.3.xsd
		http://www.springframework.org/schema/aop http://www.springframework.org/schema/aop/spring-aop-3.2.xsd
		http://www.springframework.org/schema/mvc http://www.springframework.org/schema/mvc/spring-mvc-3.2.xsd
		http://www.springframework.org/schema/util http://www.springframework.org/schema/util/spring-util-3.2.xsd">
	
	<!-- 开启组件扫描 -->
	<context:component-scan base-package="com.huatec.edu.mobileshop"/>
	<!-- SpringMVC注解支持 -->
	<mvc:annotation-driven/>
	
	<!-- 配置UserController -->
	<!-- <bean id="userController" 
	class="com.huatec.edu.mobileshop.controller.UserController"/> -->
	
	<!-- 配置HandlerMapping，告诉DispatcherServlet，请求地址和模型的对应关系 -->
	<!-- <bean id="mapping" 
	class="org.springframework.web.servlet.handler.SimpleUrlHandlerMapping">
		<property name="mappings">
			<props>
				<prop key="/checkLogin.do">userController</prop>
			</props>
		</property>
	</bean> -->
	
	<!-- 配置视图解析器ViewResolver，负责将视图名解析成具体的视图技术，比如解析成html、jsp等 -->
	<bean id="viewResolver" 
	class="org.springframework.web.servlet.view.InternalResourceViewResolver">
		<!-- 前缀属性 -->
		<property name="prefix" value="/"/>
		<!-- 后缀属性 -->
		<property name="suffix" value=".html"/>
	</bean>
</beans>