<?xml version="1.0" encoding="UTF-8"?>
<!DOCTYPE mapper
		PUBLIC "-//mybatis.org//DTD Mapper 3.0//EN"
		"http://mybatis.org/dtd/mybatis-3-mapper.dtd">
<mapper namespace="com.flowable.dao.ModelDAO">

	<resultMap id="modelResultMap" type="com.flowable.domain.Model">
		<id property="id" column="id" jdbcType="VARCHAR" />
		<result property="name" column="name" jdbcType="VARCHAR" />
		<result property="key" column="model_key" jdbcType="VARCHAR" />
		<result property="description" column="description" jdbcType="VARCHAR" />
		<result property="comment" column="model_comment" jdbcType="VARCHAR" />
		<result property="created" column="created" jdbcType="TIMESTAMP" />
		<result property="createdBy" column="created_by" jdbcType="VARCHAR" />
		<result property="lastUpdated" column="last_updated" jdbcType="TIMESTAMP" />
		<result property="lastUpdatedBy" column="last_updated_by" jdbcType="VARCHAR" />
		<result property="version" column="version" jdbcType="INTEGER" />
		<result property="modelEditorJson" column="model_editor_json" jdbcType="VARCHAR" />
		<result property="modelType" column="model_type" jdbcType="INTEGER" />
		<result property="thumbnail" column="thumbnail" />
		<result property="tenantId" column="tenant_id" jdbcType="VARCHAR" />
	</resultMap>

	<select id="selectModelByParentModelId" parameterType="string" resultMap="modelResultMap">
       select model.* from ${prefix}ACT_DE_MODEL_RELATION modelrelation
       inner join ${prefix}ACT_DE_MODEL model on modelrelation.model_id = model.id
       where modelrelation.parent_model_id = #{parentModelId, jdbcType=VARCHAR}
    </select>

	<select id="selectModelByParameters" parameterType="map" resultMap="modelResultMap">
		select * from ${prefix}ACT_DE_MODEL
		<where>
			<if test="modelType != null">
				model_type = #{modelType, jdbcType=VARCHAR}
			</if>
			<if test="filter != null">
				and (lower(name) like #{filter, jdbcType=VARCHAR} or lower(description) like #{filter, jdbcType=VARCHAR})
			</if>
			<if test="key != null">
				and model_key = #{key, jdbcType=VARCHAR}
			</if>
			<if test="tenantId != null">
				and tenant_id = #{tenantId, jdbcType=VARCHAR}
			</if>
		</where>
		<if test="sort != null">
			<if test="sort == 'nameAsc'">
				order by name asc
			</if>
			<if test="sort == 'nameDesc'">
				order by name desc
			</if>
			<if test="sort == 'modifiedAsc'">
				order by last_updated asc
			</if>
			<if test="sort == 'modifiedDesc'">
				order by last_updated desc
			</if>
		</if>
	</select>

</mapper>
