<?xml version="1.0" encoding="UTF-8" ?>  
<!DOCTYPE mapper PUBLIC "-//ibatis.apache.org//DTD Mapper 3.0//EN"      
 "http://ibatis.apache.org/dtd/ibatis-3-mapper.dtd">
 
<mapper namespace="com.huatec.edu.mobileshop.dao.GoodsImgDao">
	<!-- 缓存配置-->
	<cache eviction="LRU" flushInterval="30000" size="512" readOnly="true"/>
	<!-- insert元素,在此元素内写增加的sql语句， parameterType：参数类型-->
	<insert id="save" parameterType="com.huatec.edu.mobileshop.entity.GoodsImg" 
	useGeneratedKeys="true" keyProperty="img_id" >
		insert into ms_goods_img
		 (img_id,goods_id,thumbnail,big,small,original,isdefault,creatime,modifytime)
		 values
		 (#{img_id},#{goods_id},#{thumbnail},#{big},#{small},#{original},#{isdefault},
		 #{creatime},#{modifytime})
	</insert>
	
	<!-- select元素，在此元素内写查询语句 -->
	<select id="findAll" resultType="com.huatec.edu.mobileshop.entity.GoodsImg">
		select * from ms_goods_img
	</select>
	
	<!-- delete元素，在此元素内写删除语句 -->
	<delete id="deleteById" parameterType="int">
		delete from ms_goods_img where img_id=#{img_id}
	</delete>
	
	<select id="findById" parameterType="int" 
	resultType="com.huatec.edu.mobileshop.entity.GoodsImg">
		select * from ms_goods_img where img_id=#{img_id}
	</select>
	<!-- 动态更新 -->
	<update id="dynamicUpdate" 
	parameterType="com.huatec.edu.mobileshop.entity.GoodsImg">
		update ms_goods_img
		<set>
			<if test="goods_id!=null">
				goods_id=#{goods_id},
			</if>
			<if test="thumbnail!=null">
				thumbnail=#{thumbnail},
			</if>
			<if test="big!=null">
				big=#{big},
			</if>
			<if test="small!=null">
				small=#{small},
			</if>
			<if test="original!=null">
				original=#{original},
			</if>
			<if test="isdefault!=null">
				isdefault=#{isdefault},
			</if>
			<if test="modifytime!=null">
				modifytime=#{modifytime}
			</if>
		</set>
		where img_id=#{img_id}
	</update>
	
</mapper>