<?xml version="1.0" encoding="UTF-8" ?>  
<!DOCTYPE mapper PUBLIC "-//ibatis.apache.org//DTD Mapper 3.0//EN"      
 "http://ibatis.apache.org/dtd/ibatis-3-mapper.dtd">
 
<mapper namespace="com.huatec.edu.mobileshop.dao.GoodsDao">
	<!-- 缓存配置-->
	<cache eviction="LRU" flushInterval="30000" size="512" readOnly="true"/>
	<!-- insert元素,在此元素内写增加的sql语句， parameterType：参数类型-->
	<insert id="save" parameterType="com.huatec.edu.mobileshop.entity.Goods" 
	useGeneratedKeys="true" keyProperty="goods_id" >
		insert into ms_goods
		 (goods_id,name,sn,brief,description,price,cost,mktprice,mkt_enable,cat_id,brand_id,
		 weight,intro,params,creatime,last_modify,view_count,buy_count,thumbnail,big,small,original)
		 values(#{goods_id},#{name},#{sn},#{brief},#{description},#{price},#{cost},#{mktprice},
		 #{mkt_enable},#{cat_id},#{brand_id},#{weight},#{intro},#{params},#{creatime},
		 #{last_modify},#{view_count},#{buy_count},#{thumbnail},#{big},#{small},#{original})
	</insert>
	
	<!-- select元素，在此元素内写查询语句 -->
	<select id="findAll" resultType="com.huatec.edu.mobileshop.entity.Goods">
		select * from ms_goods
	</select>
	
	<!-- delete元素，在此元素内写删除语句 -->
	<delete id="deleteById" parameterType="int">
		delete from ms_goods where goods_id=#{goods_id}
	</delete>
	
	<select id="findById" parameterType="int" 
	resultType="com.huatec.edu.mobileshop.entity.Goods">
		select * from ms_goods where goods_id=#{goods_id}
	</select>
	
	<!-- 动态更新 -->
	<update id="dynamicUpdate" parameterType="com.huatec.edu.mobileshop.entity.Goods">
		update ms_goods
		<set>
			<if test="name!=null">
				name=#{name},
			</if>
			<if test="sn!=null">
				sn=#{sn},
			</if>
			<if test="brief!=null">
				brief=#{brief},
			</if>
			<if test="description!=null">
				description=#{description},
			</if>
			<if test="price!=null">
				price=#{price},
			</if>
			<if test="cost!=null">
				cost=#{cost},
			</if>
			<if test="mktprice!=null">
				mktprice=#{mktprice},
			</if>
			<if test="mkt_enable!=null">
				mkt_enable=#{mkt_enable},
			</if>
			<if test="cat_id!=null">
				cat_id=#{cat_id},
			</if>
			<if test="brand_id!=null">
				brand_id=#{brand_id},
			</if>
			<if test="weight!=null">
				weight=#{weight},
			</if>
			<if test="intro!=null">
				intro=#{intro},
			</if>
			<if test="params!=null">
				params=#{params},
			</if>
			<if test="view_count!=null">
				view_count=#{view_count},
			</if>
			<if test="buy_count!=null">
				buy_count=#{buy_count},
			</if>
			<if test="thumbnail!=null">
				thumbnail=#{thumbnail},
			</if>
			<if test="big!=null">
				big=#{big},
			</if>
			<if test="small!=null">
				small=#{small},
			</if>
			<if test="original!=null">
				original=#{original},
			</if>
			<if test="last_modify!=null">
				last_modify=#{last_modify},
			</if>
		</set>
		where goods_id=#{goods_id}
	</update>
	
</mapper>