<?xml version="1.0" encoding="UTF-8" ?>  
<!DOCTYPE mapper PUBLIC "-//ibatis.apache.org//DTD Mapper 3.0//EN"      
 "http://ibatis.apache.org/dtd/ibatis-3-mapper.dtd">
 
<mapper namespace="com.huatec.edu.mobileshop.dao.TypeBrandDao">
	<!-- 缓存配置-->
	<cache eviction="LRU" flushInterval="30000" size="512" readOnly="true"/>
	<!-- insert元素,在此元素内写增加的sql语句， parameterType：参数类型-->
	<!-- sql语句中传入的参数类型用#{XX} -->
	<!-- useGeneratedKeys="true" keyProperty="tag_id"  获取自增的主键并存入tag_id中 -->
	<insert id="save" parameterType="com.huatec.edu.mobileshop.entity.TypeBrand" 
	useGeneratedKeys="true" keyProperty="id" >
		insert into ms_type_brand
		 (id,type_id,brand_id,creatime,modifytime)
		 values(#{id},#{type_id},#{brand_id},#{creatime},#{modifytime})
	</insert>
	
	<!-- select元素，在此元素内写查询语句 -->
	<select id="findAll" resultType="com.huatec.edu.mobileshop.entity.TypeBrand">
		select * from ms_type_brand
	</select>
	
	<!-- delete元素，在此元素内写删除语句 -->
	<delete id="deleteById" parameterType="int">
		delete from ms_type_brand where id=#{id}
	</delete>
	
	<select id="findById" parameterType="int" 
	resultType="com.huatec.edu.mobileshop.entity.TypeBrand">
		select * from ms_type_brand where id=#{id}
	</select>
	
	<update id="dynamicUpdate"
	parameterType="com.huatec.edu.mobileshop.entity.TypeBrand">
		update ms_type_brand
		<set>
			<if test="type_id!=null">
				type_id=#{type_id},
			</if>
			<if test="brand_id!=null">
				brand_id=#{brand_id},
			</if>
			<if test="modifytime!=null">
				modifytime=#{modifytime}
			</if>
		</set>
		where id=#{id}
	</update>
	
	<!-- 类型品牌表、品牌表关联查询 -->
	<select id="findUnionByTypeId" parameterType="int" resultMap="typeBrandMap">
		select mtb.*,mb.brand_id,mb.name,mb.logo
		from 
		ms_type_brand mtb join ms_brand mb 
		on mtb.brand_id=mb.brand_id
		where mtb.type_id=#{type_id}
	</select>
	<!-- 配置id为typeBrandMap的resultMap -->
	<resultMap 
	type="com.huatec.edu.mobileshop.entity.TypeBrand" 
	id="typeBrandMap">
		<id property="id" column="id"/>
		<result property="type_id" column="type_id"/>
		<result property="brand_id" column="brand_id"/>
		<result property="creatime" column="creatime"/>
		<result property="modifytime" column="modifytime"/>
		<!-- 一对一关系 -->
		<association property="briefBrand" 
		javaType="com.huatec.edu.mobileshop.entity.brief.BriefBrand">
			<id property="brand_id" column="brand_id"/>
			<result property="name" column="name"/>
			<result property="logo" column="logo"/>
		</association>
	</resultMap>
</mapper>