{
  "code": 0
  ,"msg": ""
  ,"count": 3000000
  ,"data": [{
    "id": "10001"
    ,"name": "香奈儿"
    ,"description": "好闻的香水！！！"
    ,"price": 152
    ,"stock": 978
    ,"categorylevelone": "化妆品"
	,"categoryleveltwo": "面部护理"
	,"categorylevelthree": "少女派"
    ,"fileName": "baby_1.jpg"
  }, {
    "id": "10001"
    ,"name": "香奈儿"
    ,"description": "好闻的香水！！！"
    ,"price": 152
    ,"stock": 978
    ,"categorylevelone": "化妆品"
    ,"categoryleveltwo": "面部护理"
    ,"categorylevelthree": "少女派"
    ,"fileName": "baby_1.jpg"
  }, {
    "id": "10001"
    ,"name": "香奈儿"
    ,"description": "好闻的香水！！！"
    ,"price": 152
    ,"stock": 978
    ,"categorylevelone": "化妆品"
    ,"categoryleveltwo": "面部护理"
    ,"categorylevelthree": "少女派"
    ,"fileName": "baby_1.jpg"
  }]
}  