<?xml version="1.0" encoding="UTF-8" ?>
<!DOCTYPE mapper PUBLIC "-//mybatis.org//DTD Mapper 3.0//EN"
        "http://mybatis.org/dtd/mybatis-3-mapper.dtd">
<mapper namespace="com.open.capacity.user.dao.SysMenuDao">

	<sql id="where">
		<where>
			<if test="id != null and id != ''">
				and t.id like concat('%', #{id}, '%')
			</if>
			<if test="parentId != null and parentId != ''">
				and t.parent_id = #{parentId,jdbcType=INTEGER}
			</if>
			<if test="name != null and name != ''">
				and t.name = #{name,jdbcType=VARCHAR}
			</if>
			<if test="url != null and url != '' ">
				and t.url = #{url,jdbcType=VARCHAR}
			</if>
			<if test="path != null and path != ''">
				and t.path = #{path,jdbcType=VARCHAR}
			</if>
			<if test="isMenu != null ">
				and t.is_menu = #{isMenu,jdbcType=INTEGER}
			</if>
			<if test="hidden != null ">
				and t.hidden = #{hidden,jdbcType=INTEGER}
			</if> 

		</where>
	</sql>
	
	<select id="count" resultType="int">
		select count(*) from sys_menu t
		<include refid="where" />
	</select>
	
	<select id="findList" resultType="com.open.capacity.common.model.SysMenu">
		select id ,parent_id parentId , name, url, path, css, sort,
		create_time createTime , update_time updateTime ,is_menu isMenu,hidden
		from sys_menu t
		<include refid="where" />
		order by t.sort
		<if test="page != null and page >= 0 and limit != null and limit > 0">
			limit #{page},#{limit}
		</if>
	</select>
	<update id="updateByPrimaryKey">
		update sys_menu
		<set>
			<if test="parentId != null">
				parent_id = #{parentId,jdbcType=INTEGER},
			</if>
			<if test="name != null and name != ''">
				name = #{name,jdbcType=VARCHAR},
			</if>
			<if test="url != null and url != ''">
				url = #{url,jdbcType=VARCHAR},
			</if>
			<if test="path != null and path != ''">
				path = #{path,jdbcType=VARCHAR},
			</if>
			<if test="css != null">
				css = #{css,jdbcType=VARCHAR},
			</if>
			<if test="sort != null">
				sort = #{sort,jdbcType=INTEGER},
			</if>
			<if test="updateTime != null">
				update_time = #{updateTime,jdbcType=TIMESTAMP},
			</if>
			<if test="isMenu != null">
				is_menu = #{isMenu,jdbcType=INTEGER},
			</if>
			<if test="hidden != null">
				hidden = #{hidden,jdbcType=INTEGER},
			</if>
		</set>
		where id = #{id,jdbcType=BIGINT}
	</update>



</mapper>