<?xml version="1.0" encoding="UTF-8" ?>
<!DOCTYPE mapper PUBLIC "-//mybatis.org//DTD Mapper 3.0//EN"
        "http://mybatis.org/dtd/mybatis-3-mapper.dtd">
<mapper namespace="com.open.capacity.user.dao.SysRolePermissionDao">

	<!-- MySQL下批量保存，可以foreach遍历 mysql支持values(),(),()语法 -->
	<insert id="saveBatch">
		INSERT INTO sys_role_permission(role_id, permission_id)
		VALUES
		<foreach collection="permissions" item="permissionId"
			separator=",">
			(#{roleId},#{permissionId})
		</foreach>
	</insert>

	<delete id="deleteBySelective">
		delete from sys_role_permission
		<where>
			<if test="roleId != null">
				and role_id = #{roleId}
			</if>
			<if test="permissionId != null">
				and permission_id = #{permissionId}
			</if>
		</where>
	</delete>

	<select id="findByRoleIds" resultType="com.open.capacity.common.model.SysPermission">
		select distinct p.id , p.permission, p.name, p.create_time createTime
		, p.update_time updateTime from
		sys_permission p
		inner join
		sys_role_permission rp on
		p.id = rp.permission_id
		<where>
			rp.role_id in
			<foreach collection="roleIds" item="roleId" open="("
				separator="," close=")">
				#{roleId}
			</foreach>
		</where>
	</select>
</mapper>