<?xml version="1.0" encoding="UTF-8" ?>
<!DOCTYPE mapper PUBLIC "-//mybatis.org//DTD Mapper 3.0//EN"
        "http://mybatis.org/dtd/mybatis-3-mapper.dtd">
<mapper namespace="com.open.capacity.user.dao.SysUserDao">

	<update id="updateByPrimaryKey">
		update sys_user
		<set>
			<if test="username != null and username != ''">
				username = #{username,jdbcType=VARCHAR},
			</if>
			<if test="password != null and password != ''">
				password = #{password,jdbcType=VARCHAR},
			</if>
			<if test="nickname != null and nickname != ''">
				nick_name = #{nickname,jdbcType=VARCHAR},
			</if>
			<if test="headImgUrl != null and headImgUrl != ''">
				head_img_url = #{headImgUrl,jdbcType=VARCHAR},
			</if>
			<if test="phone != null and phone != ''">
				phone = #{phone,jdbcType=VARCHAR},
			</if>
			<if test="sex != null">
				sex = #{sex,jdbcType=INTEGER},
			</if>
			<if test="enabled != null">
				enabled = #{enabled,jdbcType=BIT},
			</if>
			<if test="type != null and type != ''">
				type = #{type,jdbcType=VARCHAR},
			</if>
			<if test="updateTime != null">
				update_time = #{updateTime,jdbcType=TIMESTAMP},
			</if>
		</set>
		where id = #{id,jdbcType=BIGINT}
	</update>

	<sql id="where">
		<where>
			<if test="id != null and id != ''">
				and t.id like concat('%', #{id}, '%')
			</if>
			<if test="username != null and username != ''">
				and t.username like concat('%', #{username}, '%')
			</if>
			<if test="nickname != null and nickname != ''">
				and t.nick_name like concat('%', #{nickname}, '%')
			</if>
			<if test="enabled != null ">
				and t.enabled = #{enabled}
			</if>
			<if test="type != null and type != ''">
				and t.type = #{type}
			</if>
				
			
			<if test="searchKey != null and searchKey != '' and searchKey=='user_id'">
				and t.id  like concat('%', #{searchValue}, '%')   
			</if>
			
			<if test="searchKey != null and searchKey != '' and searchKey=='username'">
				and t.username  like concat('%', #{searchValue}, '%')   
			</if>
			
			<if test="searchKey != null and searchKey != '' and searchKey=='nick_name'">
				and t.nick_name  like concat('%', #{searchValue}, '%')   
			</if>
			
			<if test="searchKey != null and searchKey != '' and searchKey=='phone'">
				and t.phone  like concat('%', #{searchValue}, '%')   
			</if>
			
		</where>
	</sql>
	<select id="count" resultType="int">
		select count(1) from sys_user t
		<include refid="where" />
	</select>

	<select id="findList" resultType="com.open.capacity.common.model.SysUser">
		select id ,username, password,nick_name nickname, head_img_url headImgUrl , phone, sex, enabled, type, create_time createTime , update_time updateTime from sys_user t
		<include refid="where" />
		order by t.id desc

		<if test="page != null and page >= 0 and limit != null and limit > 0">
		limit #{page},#{limit}
		</if>
	</select>
</mapper>