<?xml version="1.0" encoding="UTF-8" ?>  
<!DOCTYPE mapper PUBLIC "-//ibatis.apache.org//DTD Mapper 3.0//EN"      
 "http://ibatis.apache.org/dtd/ibatis-3-mapper.dtd">
 
<mapper namespace="com.huatec.edu.mobileshop.dao.BrandDao">
	<!-- 缓存配置-->
	<cache eviction="LRU" flushInterval="30000" size="512" readOnly="true"/>
	
	<select id="findAllByPage" parameterType="com.huatec.edu.mobileshop.util.Page" 
	resultType="com.huatec.edu.mobileshop.entity.Brand">
		select * from ms_brand limit #{begin},#{pageSize}
	</select>
	
	<select id="findByDisabled" parameterType="int" 
	 resultType="com.huatec.edu.mobileshop.entity.Brand">
		select * from ms_brand where disabled=#{disabled}
	</select>
	
	<select id="findByName" parameterType="string" 
	resultType="com.huatec.edu.mobileshop.entity.Brand">
		select * from ms_brand where name=#{name}
	</select>
	<!-- insert元素,在此元素内写增加的sql语句， parameterType：参数类型-->
	<insert id="save" parameterType="com.huatec.edu.mobileshop.entity.Brand" 
	useGeneratedKeys="true" keyProperty="brand_id" >
		insert into ms_brand
		 (brand_id,name,logo,keywords,description,url,disabled,creatime,modifytime)
		 values(#{brand_id},#{name},#{logo},#{keywords},#{description},#{url},
		 #{disabled},#{creatime},#{modifytime})
	</insert>
	
	<!-- select元素，在此元素内写查询语句 -->
	<select id="findAll" resultType="com.huatec.edu.mobileshop.entity.Brand">
		select * from ms_brand
	</select>
	
	<!-- delete元素，在此元素内写删除语句 -->
	<delete id="deleteById" parameterType="int">
		delete from ms_brand where brand_id=#{brand_id}
	</delete>
	
	<select id="findById" parameterType="int" 
	resultType="com.huatec.edu.mobileshop.entity.Brand">
		select * from ms_brand where brand_id=#{brand_id}
	</select>
	<!-- 动态更新 -->
	<update id="dynamicUpdate" 
	parameterType="com.huatec.edu.mobileshop.entity.Brand">
		update ms_brand
		<set>
			<if test="name!=null">
				name=#{name},
			</if>
			<if test="logo!=null">
				logo=#{logo},
			</if>
			<if test="keywords!=null">
				keywords=#{keywords},
			</if>
			<if test="description!=null">
				description=#{description},
			</if>
			<if test="url!=null">
				url=#{url},
			</if>
			<if test="disabled!=null">
				disabled=#{disabled},
			</if>
			<if test="modifytime!=null">
				modifytime=#{modifytime}
			</if>
		</set>
		where brand_id=#{brand_id}
	</update>
	
</mapper>