<?xml version="1.0" encoding="UTF-8" ?>  
<!DOCTYPE mapper PUBLIC "-//ibatis.apache.org//DTD Mapper 3.0//EN"      
 "http://ibatis.apache.org/dtd/ibatis-3-mapper.dtd">
 
<mapper namespace="com.huatec.edu.mobileshop.dao.LogiDao">
	<!-- 缓存配置-->
	<cache eviction="LRU" flushInterval="30000" size="512" readOnly="true"/>
	
	<!-- insert元素,在此元素内写增加的sql语句， parameterType：参数类型-->
	<insert id="save" parameterType="com.huatec.edu.mobileshop.entity.Logi" 
	useGeneratedKeys="true" keyProperty="logi_id" >
		insert into ms_logi
		 (logi_id,ship_id,sn,carriage,sender,status,creatime,modifytime)
		 values(#{logi_id},#{ship_id},#{sn},#{carriage},#{sender},#{status},
		 #{creatime},#{modifytime})
	</insert>
	
	<!-- select元素，在此元素内写查询语句 -->
	<select id="findAll" resultType="com.huatec.edu.mobileshop.entity.Logi">
		select * from ms_logi
	</select>
	
	<!-- delete元素，在此元素内写删除语句 -->
	<delete id="deleteById" parameterType="int">
		delete from ms_logi where logi_id=#{logi_id}
	</delete>
	
	<select id="findById" parameterType="int" 
	resultType="com.huatec.edu.mobileshop.entity.Logi">
		select * from ms_logi where logi_id=#{logi_id}
	</select>
	<!-- 动态更新 -->
	<update id="dynamicUpdate" 
	parameterType="com.huatec.edu.mobileshop.entity.Logi">
		update ms_logi
		<set>
			<if test="ship_id!=null">
				ship_id=#{ship_id},
			</if>
			<if test="sn!=null">
				sn=#{sn},
			</if>
			<if test="carriage!=null">
				carriage=#{carriage},
			</if>
			<if test="sender!=null">
				sender=#{sender},
			</if>
			<if test="status!=null">
				status=#{status},
			</if>
			<if test="modifytime!=null">
				modifytime=#{modifytime}
			</if>
		</set>
		where logi_id=#{logi_id}
	</update>
	
</mapper>