<?xml version="1.0" encoding="UTF-8" ?>  
<!DOCTYPE mapper PUBLIC "-//ibatis.apache.org//DTD Mapper 3.0//EN"      
 "http://ibatis.apache.org/dtd/ibatis-3-mapper.dtd">
 
<mapper namespace="com.huatec.edu.mobileshop.dao.PayTypeDao">
	<!-- 缓存配置-->
	<cache eviction="LRU" flushInterval="30000" size="512" readOnly="true"/>
	
	<select id="findByName" parameterType="string" 
	resultType="com.huatec.edu.mobileshop.entity.PayType">
		select * from ms_paytype where name=#{name}
	</select>
	<!-- insert元素,在此元素内写增加的sql语句， parameterType：参数类型-->
	<insert id="save" parameterType="com.huatec.edu.mobileshop.entity.PayType" 
	useGeneratedKeys="true" keyProperty="paytype_id" >
		insert into ms_paytype
		 (paytype_id,name,config,description,creatime,modifytime)
		 values(#{paytype_id},#{name},#{config},#{description},#{creatime},#{modifytime})
	</insert>
	
	<!-- select元素，在此元素内写查询语句 -->
	<select id="findAll" resultType="com.huatec.edu.mobileshop.entity.PayType">
		select * from ms_paytype
	</select>
	
	<!-- delete元素，在此元素内写删除语句 -->
	<delete id="deleteById" parameterType="int">
		delete from ms_paytype where paytype_id=#{paytype_id}
	</delete>
	
	<select id="findById" parameterType="int" 
	resultType="com.huatec.edu.mobileshop.entity.PayType">
		select * from ms_paytype where paytype_id=#{paytype_id}
	</select>
	<!-- 动态更新 -->
	<update id="dynamicUpdate" 
	parameterType="com.huatec.edu.mobileshop.entity.PayType">
		update ms_paytype
		<set>
			<if test="name!=null">
				name=#{name},
			</if>
			<if test="config!=null">
				config=#{config},
			</if>
			<if test="description!=null">
				description=#{description},
			</if>
			<if test="modifytime!=null">
				modifytime=#{modifytime}
			</if>
		</set>
		where paytype_id=#{paytype_id}
	</update>
	
</mapper>