<?xml version="1.0" encoding="UTF-8" ?>  
<!DOCTYPE mapper PUBLIC "-//ibatis.apache.org//DTD Mapper 3.0//EN"      
 "http://ibatis.apache.org/dtd/ibatis-3-mapper.dtd">
 
<mapper namespace="com.huatec.edu.mobileshop.dao.ShipDao">
	<!-- 缓存配置-->
	<cache eviction="LRU" flushInterval="30000" size="512" readOnly="true"/>
	<!-- 动态查询 -->
	<select id="dynamicFind" 
	parameterType="com.huatec.edu.mobileshop.entity.Ship"
	resultType="com.huatec.edu.mobileshop.entity.Ship">
		select * from ms_ship
		<where>
			<if test="name!=null">
				name=#{name}
			</if>
			<if test="code!=null">
				and code=#{code}
			</if>
		</where>
	</select>
	
	<!-- insert元素,在此元素内写增加的sql语句， parameterType：参数类型-->
	<insert id="save" parameterType="com.huatec.edu.mobileshop.entity.Ship" 
	useGeneratedKeys="true" keyProperty="ship_id" >
		insert into ms_ship
		 (ship_id,name,code,creatime,modifytime)
		 values(#{ship_id},#{name},#{code},#{creatime},#{modifytime})
	</insert>
	
	<!-- select元素，在此元素内写查询语句 -->
	<select id="findAll" resultType="com.huatec.edu.mobileshop.entity.Ship">
		select * from ms_ship
	</select>
	
	<!-- delete元素，在此元素内写删除语句 -->
	<delete id="deleteById" parameterType="int">
		delete from ms_ship where ship_id=#{ship_id}
	</delete>
	
	<select id="findById" parameterType="int" 
	resultType="com.huatec.edu.mobileshop.entity.Ship">
		select * from ms_ship where ship_id=#{ship_id}
	</select>
	<!-- 动态更新 -->
	<update id="dynamicUpdate" 
	parameterType="com.huatec.edu.mobileshop.entity.Ship">
		update ms_ship
		<set>
			<if test="name!=null">
				name=#{name},
			</if>
			<if test="code!=null">
				code=#{code},
			</if>
			<if test="modifytime!=null">
				modifytime=#{modifytime}
			</if>
		</set>
		where ship_id=#{ship_id}
	</update>
	
</mapper>