<?xml version="1.0" encoding="UTF-8" ?>  
<!DOCTYPE mapper PUBLIC "-//ibatis.apache.org//DTD Mapper 3.0//EN"      
 "http://ibatis.apache.org/dtd/ibatis-3-mapper.dtd">
 
<mapper namespace="com.huatec.edu.mobileshop.dao.TagGoodsDao">
	<!-- 缓存配置-->
	<cache eviction="LRU" flushInterval="30000" size="512" readOnly="true"/>
	<!-- 检查是否重复关联 -->
	<select id="findRepeat" parameterType="map" 
	resultType="com.huatec.edu.mobileshop.entity.TagGoods">
		select * from ms_tag_goods_ref 
		where tag_id=#{tag_id} 
		and goods_id=#{goods_id}
	</select>
	<!-- insert元素,在此元素内写增加的sql语句， parameterType：参数类型-->
	<insert id="save" parameterType="com.huatec.edu.mobileshop.entity.TagGoods" 
	useGeneratedKeys="true" keyProperty="id" >
		insert into ms_tag_goods_ref
		 (id,tag_id,goods_id,sort,creatime,modifytime)
		 values(#{id},#{tag_id},#{goods_id},#{sort},#{creatime},#{modifytime})
	</insert>
	
	<!-- select元素，在此元素内写查询语句 -->
	<select id="findAll" resultType="com.huatec.edu.mobileshop.entity.TagGoods">
		select * from ms_tag_goods_ref
	</select>
	
	<!-- delete元素，在此元素内写删除语句 -->
	<delete id="deleteById" parameterType="int">
		delete from ms_tag_goods_ref where id=#{id}
	</delete>
	
	<select id="findById" parameterType="int" 
	resultType="com.huatec.edu.mobileshop.entity.TagGoods">
		select * from ms_tag_goods_ref where id=#{id}
	</select>
	
	<!-- 动态更新 -->
	<update id="dynamicUpdate" parameterType="com.huatec.edu.mobileshop.entity.TagGoods">
		update ms_tag_goods_ref
		<set>
			<if test="tag_id!=null">
				tag_id=#{tag_id},
			</if>
			<if test="goods_id!=null">
				goods_id=#{goods_id},
			</if>
			<if test="sort!=null">
				sort=#{sort},
			</if>
			<if test="modifytime!=null">
				modifytime=#{modifytime}
			</if>
		</set>
		where id=#{id}
	</update>
	
	<!-- 标签商品引用表和商品表关联查询 -->
	<select id="findUnionByTagId" 
	parameterType="int" 
	resultMap="tagGoodsMap">
		select mtgr.*,mg.goods_id,mg.name,
		 mg.price,mg.mktprice,mg.small
		from ms_tag_goods_ref mtgr 
		 join ms_goods mg
		on mtgr.goods_id=mg.goods_id
		where mtgr.tag_id=#{tag_id}
		order by mtgr.sort desc
	</select>
	<resultMap 
	type="com.huatec.edu.mobileshop.entity.TagGoods" 
	id="tagGoodsMap">
		<id property="id" column="id"/>
		<result property="tag_id" column="tag_id"/>
		<result property="goods_id" column="goods_id"/>
		<result property="sort" column="sort"/>
		<result property="creatime" column="creatime"/>
		<result property="modifytime" column="modifytime"/>
		<association property="briefGoods" 
		javaType="com.huatec.edu.mobileshop.entity.brief.BriefGoods">
			<id property="goods_id" column="goods_id"/>
			<result property="name" column="name"/>
			<result property="price" column="price"/>
			<result property="mktprice" column="mktprice"/>
			<result property="small" column="small"/>
		</association>
	</resultMap>
	
	<!-- 标签商品引用表、商品表、标签表三表关联查询 -->
	<select id="findUnionByTagId2" 
	parameterType="int" 
	resultMap="tagGoodsMap2">
		select mtgr.*,mg.goods_id,mg.name goods_name,
		mg.price,mg.mktprice,mg.small,
		mt.tag_id,mt.name tag_name
		from ms_tag_goods_ref mtgr 
		join ms_goods mg
		on mtgr.goods_id=mg.goods_id
		join ms_tag mt
		on mtgr.tag_id=mt.tag_id
		where mtgr.tag_id=#{tag_id}
		order by mtgr.sort
	</select>
	<resultMap 
	type="com.huatec.edu.mobileshop.entity.TagGoods" 
	id="tagGoodsMap2">
		<id property="id" column="id"/>
		<result property="tag_id" column="tag_id"/>
		<result property="goods_id" column="goods_id"/>
		<result property="sort" column="sort"/>
		<result property="creatime" column="creatime"/>
		<result property="modifytime" column="modifytime"/>
		<association property="briefGoods" 
		javaType="com.huatec.edu.mobileshop.entity.brief.BriefGoods">
			<id property="goods_id" column="goods_id"/>
			<result property="name" column="goods_name"/>
			<result property="price" column="price"/>
			<result property="mktprice" column="mktprice"/>
			<result property="small" column="small"/>
		</association>
		<association property="briefTag" 
		javaType="com.huatec.edu.mobileshop.entity.brief.BriefTag">
			<id property="tag_id" column="tag_id"/>
			<result property="name" column="tag_name"/>
		</association>
	</resultMap>
	
</mapper>