<?xml version="1.0" encoding="UTF-8" ?>  
<!DOCTYPE mapper PUBLIC "-//ibatis.apache.org//DTD Mapper 3.0//EN"      
 "http://ibatis.apache.org/dtd/ibatis-3-mapper.dtd">
 
<mapper namespace="com.huatec.edu.mobileshop.dao.TagDao">
	<!-- 缓存配置-->
	<cache eviction="LRU" flushInterval="30000" size="512" readOnly="true"/>
	<!-- 标签表、标签商品引用表、商品表三表关联查询 -->
	<select id="findUnionByGoodsTagId" 
	parameterType="int" 
	resultMap="tagMap1">
		select mt.tag_id,mt.name tag_name,
		mg.goods_id,mg.name goods_name,
		mg.price,mg.mktprice,mg.small
		from ms_tag mt
		join ms_tag_goods_ref mtgr
		on mt.tag_id=mtgr.tag_id
		join ms_goods mg
		on mtgr.goods_id=mg.goods_id
		where mt.tag_id=#{tag_id}
		order by mtgr.sort
	</select>
	<resultMap 
	type="com.huatec.edu.mobileshop.entity.brief.BriefTag" id="tagMap1">
		<id property="tag_id" column="tag_id"/>
		<result property="name" column="tag_name"/>
		<collection property="bgs"
		javaType="java.util.List"
		ofType="com.huatec.edu.mobileshop.entity.brief.BriefGoods">
			<id property="goods_id" column="goods_id"/>
			<result property="name" column="goods_name"/>
			<result property="price" column="price"/>
			<result property="mktprice" column="mktprice"/>
			<result property="small" column="small"/>
		</collection>
	</resultMap>
	
	<!-- 标签表、标签品牌引用表、品牌表三表关联查询 -->
	<select id="findUnionByBrandTagId" 
	parameterType="int" 
	resultMap="tagMap2">
		select mt.tag_id,mt.name tag_name,
		mb.brand_id,mb.name brand_name,mb.logo
		from ms_tag mt
		join ms_tag_brand_ref mtbr
		on mt.tag_id=mtbr.tag_id
		join ms_brand mb
		on mtbr.brand_id=mb.brand_id
		where mt.tag_id=#{tag_id}
		order by mtbr.sort
	</select>
	<resultMap 
	type="com.huatec.edu.mobileshop.entity.brief.BriefTag" 
	id="tagMap2">
		<id property="tag_id" column="tag_id"/>
		<result property="name" column="tag_name"/>
		<collection property="bbs" 
		javaType="java.util.List" 
		ofType="com.huatec.edu.mobileshop.entity.brief.BriefBrand">
			<id property="brand_id" column="brand_id"/>
			<result property="name" column="brand_name"/>
			<result property="logo" column="logo"/>
		</collection>
	</resultMap>
	
	<select id="findByTypeAndTeam" parameterType="map" 
	resultType="com.huatec.edu.mobileshop.entity.Tag">
		select * from ms_tag 
		where type=#{type} 
		and team=#{team}
		order by sort
	</select>
	<select id="findByType" parameterType="int" 
	resultType="com.huatec.edu.mobileshop.entity.Tag">
		select * from ms_tag where type=#{type}
	</select>
	<select id="findAllByPage" 
	parameterType="com.huatec.edu.mobileshop.util.Page" 
	resultType="com.huatec.edu.mobileshop.entity.Tag">
		select * from ms_tag limit #{begin},#{pageSize}
	</select>
	<select id="findByName" parameterType="string" 
	resultType="com.huatec.edu.mobileshop.entity.Tag">
		select * from ms_tag where name=#{name}
	</select>
	<!-- insert元素,在此元素内写增加的sql语句， parameterType：参数类型-->
	<!-- sql语句中传入的参数类型用#{XX} -->
	<!-- useGeneratedKeys="true" keyProperty="tag_id"  获取自增的主键并存入tag_id中 -->
	<insert id="save" parameterType="com.huatec.edu.mobileshop.entity.Tag" 
	useGeneratedKeys="true" keyProperty="tag_id" >
		insert into ms_tag
		 (tag_id,name,type,count,sort,team,creatime,modifytime)
		 values(#{tag_id},#{name},#{type},#{count},#{sort},#{team},#{creatime},#{modifytime})
	</insert>
	
	<!-- select元素，在此元素内写查询语句 -->
	<select id="findAll" resultType="com.huatec.edu.mobileshop.entity.Tag">
		select * from ms_tag
	</select>
	
	<!-- delete元素，在此元素内写删除语句 -->
	<delete id="deleteById" parameterType="int">
		delete from ms_tag where tag_id=#{tag_id}
	</delete>
	
	<select id="findById" parameterType="int" 
	resultType="com.huatec.edu.mobileshop.entity.Tag">
		select * from ms_tag where tag_id=#{tag_id}
	</select>
	<!-- 动态更新 -->
	<update id="dynamicUpdate" parameterType="com.huatec.edu.mobileshop.entity.Tag">
		update ms_tag
		<set>
			<if test="name!=null">
				name=#{name},
			</if>
			<if test="type!=null">
				type=#{type},
			</if>
			<if test="count!=null">
				count=#{count},
			</if>
			<if test="sort!=null">
				sort=#{sort},
			</if>
			<if test="team!=null">
				team=#{team},
			</if>
			<if test="modifytime!=null">
				modifytime=#{modifytime}
			</if>
		</set>
		where tag_id=#{tag_id}
	</update>
</mapper>